[{"_id":"60f7c1e2b3a1a2b3c4d5e6fb","title":"Introduction to Algorithms it's really a nice Help!","subtitle":"Introduction to Algorithms it's really a nice Help! It provides comprehensive insights and practical solutions for algorithmic challenges.","userId":"666885089f7eb030e78ad806","resourceId":"60f7c1e2b3a1a2b3c4d5e6f9","content":"This is an excellent book on algorithms. This is an excellent book on algorithms. This is an excellent book on algorithms. This is an excellent book on algorithms. This is an excellent book on algorithms. This is an excellent book on algorithms. This is an excellent book on algorithms. This is an excellent book on algorithms. This is an excellent book on algorithms. This is an excellent book on algorithms.","comments":[{"_id":"60f7c1e2b3a1a2b3c4d5e6fe","commentUserId":"6668852d9f7eb030e78ad80c","content":"Very helpful book.","date":{"$date":"2024-06-06T00:00:00Z"},"replies":[{"_id":"666e49640e1b90d7de0babed","commentUserId":"666885199f7eb030e78ad809","content":"Concordo contigo, Jorge!","date":{"$date":"2024-06-16T02:09:40.025Z"},"votes":{"count":0,"details":[],"_id":{"$oid":"6670524afeaa2eeff8651045"}}}],"votes":{"count":0,"details":[],"_id":{"$oid":"6670524afeaa2eeff8651046"}}}],"date":"2024-06-05T00:00:00Z","__v":17,"votes":{"count":0,"details":[],"_id":{"$oid":"6670520afeaa2eeff8650ff2"}}},{"_id":"60f7c1e2b3a1a2b3c4d5e6fd","title":"Deep Learning: Revolutionizing Artificial Intelligence","subtitle":"Deep Learning: Revolutionizing AI with powerful neural networks and groundbreaking applications.","userId":"666885089f7eb030e78ad806","resourceId":"60f7c1e2b3a1a2b3c4d5e6fa","content":"Great insights on deep learning.","votes":{"count":-1,"details":[{"userId":"666885199f7eb030e78ad809","type":"downvote"}],"_id":{"$oid":"6670a86e686f261daeeb1519"}},"comments":[{"_id":"6670a86e686f261daeeb151a","commentUserId":"666885199f7eb030e78ad809","content":"teste\r\n","date":{"$date":"2024-06-17T21:19:42.95Z"},"replies":[],"votes":{"count":0,"details":[],"_id":{"$oid":"6670a86e686f261daeeb151b"}}}],"date":"2024-06-07T00:00:00Z","__v":1}]
