[{"_id":"60f7c1e2b3a1a2b3c4d5e6f9","user":"666885199f7eb030e78ad809","type":"book","title":"Introduction to Algorithms","subtitle":"","description":"A comprehensive book on algorithms.","dataCriacao":"2023-01-01T00:00:00Z","dataRegisto":"2023-01-01T00:00:00Z","visibilidade":"publico","author":"Thomas H. Cormen","year":2009,"themes":["algorithms","computer science"],"files":[],"reviews":[{"userId":"60f7c1e2b3a1a2b3c4d5e6f7","stars":5}]},{"_id":"60f7c1e2b3a1a2b3c4d5e6fa","user":"666885199f7eb030e78ad809","type":"book","title":"Deep Learning","subtitle":"","description":"A comprehensive book on deep learning.","dataCriacao":"2023-01-01T00:00:00Z","dataRegisto":"2023-01-01T00:00:00Z","visibilidade":"publico","author":"Ian Goodfellow","year":2016,"themes":["machine learning","deep learning"],"files":[],"reviews":[{"userId":"60f7c1e2b3a1a2b3c4d5e6f8","stars":4}]},{"_id":"666cbc75aa0367678f71d639","user":"666885089f7eb030e78ad806","type":"Teste/Exame","title":"EW 2024","subtitle":"Teste e Recurso","description":"Avaliação teórica de 2024.","dataCriacao":"2024-06-14T21:56:05.344Z","dataRegisto":"2024-06-14T21:56:05.344Z","visibilidade":"Público","author":"jl@fc","year":2024,"themes":[],"files":[{"fileName":"engweb2024-recurso.pdf","filePath":"/filestore/engweb2024-recurso.pdf","_id":"666cbc75aa0367678f71d63a"},{"fileName":"engweb2024-normal.pdf","filePath":"/filestore/engweb2024-normal.pdf","_id":"666cbc75aa0367678f71d63b"}],"reviews":[{"userId":{"$oid":"666885089f7eb030e78ad806"},"stars":3,"_id":{"$oid":"66704b83c15ec9dd621cbd44"}}],"__v":1},{"_id":"6670a0db825d186b6d2b9f36","user":"666885089f7eb030e78ad806","type":"Teste/Exame","title":"Mini-teste de Árvores Binárias","subtitle":"PI 2010","description":"Mini-teste de Árvores Binárias realizado na data 2010-05-25.","dataCriacao":{"$date":"2024-06-17T20:47:23.815Z"},"dataRegisto":{"$date":"2024-06-17T20:47:23.815Z"},"visibilidade":"Público","author":"jl@fc","year":2024,"themes":[],"files":[{"fileName":"pi2010-miniteste6B.pdf","filePath":"/filestore/pi2010-miniteste6B.pdf","_id":{"$oid":"6670a0db825d186b6d2b9f37"}},{"fileName":"pi2010-miniteste6A.pdf","filePath":"/filestore/pi2010-miniteste6A.pdf","_id":{"$oid":"6670a0db825d186b6d2b9f38"}}],"reviews":[],"__v":0},{"_id":"66709edadfb8d2802a53bbcf","user":"666885089f7eb030e78ad806","type":"Teste/Exame","title":"Mini-teste de Cálculo Numérico","subtitle":"PI 2010","description":"Mini-teste de Cálculo Numérico de PI realizado na data 2010-03-09.","dataCriacao":{"$date":"2024-06-17T20:38:50.637Z"},"dataRegisto":{"$date":"2024-06-17T20:38:50.637Z"},"visibilidade":"Público","author":"jl@fc","year":2024,"themes":[],"files":[{"fileName":"pi2010-miniteste1D.pdf","filePath":"/filestore/pi2010-miniteste1D.pdf","_id":{"$oid":"66709edadfb8d2802a53bbd0"}},{"fileName":"pi2010-miniteste1C.pdf","filePath":"/filestore/pi2010-miniteste1C.pdf","_id":{"$oid":"66709edadfb8d2802a53bbd1"}},{"fileName":"pi2010-miniteste1B.pdf","filePath":"/filestore/pi2010-miniteste1B.pdf","_id":{"$oid":"66709edadfb8d2802a53bbd2"}},{"fileName":"pi2010-miniteste1A.pdf","filePath":"/filestore/pi2010-miniteste1A.pdf","_id":{"$oid":"66709edadfb8d2802a53bbd3"}}],"reviews":[],"__v":0},{"_id":"66709fa8dfb8d2802a53bbfa","user":"666885089f7eb030e78ad806","type":"Teste/Exame","title":"Mini-teste de Listas Ligadas","subtitle":"PI 2010","description":"Mini-teste de Listas Ligadas realizado na data 2010-04-27.","dataCriacao":{"$date":"2024-06-17T20:42:16.418Z"},"dataRegisto":{"$date":"2024-06-17T20:42:16.418Z"},"visibilidade":"Público","author":"jl@fc","year":2024,"themes":[],"files":[{"fileName":"pi2010-miniteste4B.pdf","filePath":"/filestore/pi2010-miniteste4B.pdf","_id":{"$oid":"66709fa8dfb8d2802a53bbfb"}},{"fileName":"pi2010-miniteste4A.pdf","filePath":"/filestore/pi2010-miniteste4A.pdf","_id":{"$oid":"66709fa8dfb8d2802a53bbfc"}}],"reviews":[],"__v":0},{"_id":"66709f60dfb8d2802a53bbed","user":"666885089f7eb030e78ad806","type":"Teste/Exame","title":"Mini-teste de Produto Cartesiano","subtitle":"PI 2010","description":"Mini-teste de Produto Cartesiano realizado na data 2010-04-20.","dataCriacao":{"$date":"2024-06-17T20:41:04.194Z"},"dataRegisto":{"$date":"2024-06-17T20:41:04.194Z"},"visibilidade":"Público","author":"jl@fc","year":2024,"themes":[],"files":[{"fileName":"pi2010-miniteste3B.pdf","filePath":"/filestore/pi2010-miniteste3B.pdf","_id":{"$oid":"66709f60dfb8d2802a53bbee"}},{"fileName":"pi2010-miniteste3A.pdf","filePath":"/filestore/pi2010-miniteste3A.pdf","_id":{"$oid":"66709f60dfb8d2802a53bbef"}}],"reviews":[],"__v":0},{"_id":"6670a0b0825d186b6d2b9f29","user":"666885089f7eb030e78ad806","type":"Teste/Exame","title":"Mini-teste de Modelação","subtitle":"PI 2010","description":"Mini-teste de Modelação realizado na data 2010-05-18.","dataCriacao":{"$date":"2024-06-17T20:46:40.741Z"},"dataRegisto":{"$date":"2024-06-17T20:46:40.741Z"},"visibilidade":"Público","author":"jl@fc","year":2024,"themes":[],"files":[{"fileName":"pi2010-miniteste5B.pdf","filePath":"/filestore/pi2010-miniteste5B.pdf","_id":{"$oid":"6670a0b0825d186b6d2b9f2a"}},{"fileName":"pi2010-miniteste5A.pdf","filePath":"/filestore/pi2010-miniteste5A.pdf","_id":{"$oid":"6670a0b0825d186b6d2b9f2b"}}],"reviews":[],"__v":0},{"_id":"66709f28dfb8d2802a53bbde","user":"666885089f7eb030e78ad806","type":"Teste/Exame","title":"Mini-teste de Sequências","subtitle":"PI 2010","description":"Mini-teste de Sequências realizado na data 2010-03-23.","dataCriacao":{"$date":"2024-06-17T20:40:08.613Z"},"dataRegisto":{"$date":"2024-06-17T20:40:08.613Z"},"visibilidade":"Público","author":"jl@fc","year":2024,"themes":[],"files":[{"fileName":"pi2010-miniteste2D.pdf","filePath":"/filestore/pi2010-miniteste2D.pdf","_id":{"$oid":"66709f28dfb8d2802a53bbdf"}},{"fileName":"pi2010-miniteste2C.pdf","filePath":"/filestore/pi2010-miniteste2C.pdf","_id":{"$oid":"66709f28dfb8d2802a53bbe0"}},{"fileName":"pi2010-miniteste2B.pdf","filePath":"/filestore/pi2010-miniteste2B.pdf","_id":{"$oid":"66709f28dfb8d2802a53bbe1"}},{"fileName":"pi2010-miniteste2A.pdf","filePath":"/filestore/pi2010-miniteste2A.pdf","_id":{"$oid":"66709f28dfb8d2802a53bbe2"}}],"reviews":[],"__v":0}]
